{
    "loss": 0.5656759142875671,
    "accuracy": 0.9396551847457886
}